<?xml version="1.0" encoding="UTF-8"?>
<beans xmlns="http://www.springframework.org/schema/beans"
    xmlns:cxf="http://camel.apache.org/schema/cxf"
    xmlns:xsi="http://www.w3.org/2001/XMLSchema-instance" xsi:schemaLocation="         http://www.springframework.org/schema/beans http://www.springframework.org/schema/beans/spring-beans.xsd         http://camel.apache.org/schema/cxf http://camel.apache.org/schema/cxf/camel-cxf.xsd         http://camel.apache.org/schema/spring http://camel.apache.org/schema/spring/camel-spring.xsd">
    <camelContext id="cxfrs-1c07c3f4-061c-409d-9a3b-06fb952c2e29" xmlns="http://camel.apache.org/schema/spring">
        <dataFormats>
            <xmljson id="xmljson"/>
        </dataFormats>
        <restConfiguration apiContextPath="api-docs" bindingMode="json"
            component="servlet" contextPath="/camel" enableCORS="true">
            <dataFormatProperty key="prettyPrint" value="true"/>
            <apiProperty key="cors" value="true"/>
            <apiProperty key="api.version" value="1.0.0"/>
            <apiProperty key="api.title" value="Red Hat Fuse - REST"/>
            <apiProperty key="api.description" value="Red Hat Fuse - REST"/>
            <apiProperty key="api.contact.name" value="Red Hat"/>
        </restConfiguration>
        <rest id="id-d253677e-0dda-4192-9e2c-3767c146e08b" path="/jaxrs">
            <post consumes="application/json"
                id="id-4868fbcd-3fc8-422f-bf06-4a016dac679f"
                outType="org.jboss.fuse.workshop.soap.Employee"
                type="org.jboss.fuse.workshop.soap.Employee" uri="/employee">
                <to uri="direct:addEmployee"/>
            </post>
            <get id="id-d9e68259-3cd4-4028-a75e-c845c38733e3"
                outType="org.jboss.fuse.workshop.soap.Employee"
                type="java.lang.Integer" uri="/employee/{arg0}">
                <to uri="direct:getEmployee"/>
            </get>
            <get id="id-03bfc122-2bd7-45ef-b39b-24a740ef70d2"
                outType="org.jboss.fuse.workshop.soap.EmployeeList"
                type="org.jboss.fuse.workshop.soap.GetEmployeeAll" uri="/employeeall">
                <to uri="direct:getEmployeeAllCache"/>
            </get>
        </rest>
        <route id="addEmployee">
            <from id="_from1" uri="direct:addEmployee"/>
            <log id="_log1" loggingLevel="INFO" message="addEmployee"/>
            <to id="_to1" uri="cxf://{{url.employeeWS}}/cxf/employeeWS?serviceClass=org.jboss.fuse.workshop.soap.EmployeeWSPortType&amp;defaultOperationName=addEmployee"/>
            <setHeader headerName="Content-Type" id="_setHeader1">
                <constant>application/json</constant>
            </setHeader>
            <setBody id="_setBody1">
                <simple>${body[0]}</simple>
            </setBody>
        </route>
        <route id="getEmployee">
            <from id="_from2" uri="direct:getEmployee"/>
            <log id="_log2" loggingLevel="INFO" message="getEmployee"/>
            <setBody id="_setBody2">
                <simple>${header.arg0}</simple>
            </setBody>
            <unmarshal id="_unmarshal1">
                <json library="Jackson" unmarshalTypeName="java.lang.Integer"/>
            </unmarshal>
            <to id="_to2" uri="cxf://{{url.employeeWS}}/cxf/employeeWS?serviceClass=org.jboss.fuse.workshop.soap.EmployeeWSPortType&amp;defaultOperationName=getEmployee"/>
            <setHeader headerName="Content-Type" id="_setHeader2">
                <constant>application/json</constant>
            </setHeader>
            <setBody id="_setBody3">
                <simple>${body[0]}</simple>
            </setBody>
        </route>
        <route id="getEmployeeAll">
            <from id="_from3" uri="direct:getEmployeeAll"/>
            <log id="_log3" loggingLevel="INFO" message="getEmployeeAll"/>
            <setBody id="_setBody5">
                <simple>null</simple>
            </setBody>
            <to id="_to3" uri="cxf://{{url.employeeWS}}/cxf/employeeWS?serviceClass=org.jboss.fuse.workshop.soap.EmployeeWSPortType&amp;defaultOperationName=getEmployeeAll"/>
            <setHeader headerName="Content-Type" id="_setHeader3">
                <constant>application/json</constant>
            </setHeader>
            <setBody id="_setBody4">
                <simple>${body[0]}</simple>
            </setBody>
        </route>
        <route id="getEmployeeAllCache">
            <from id="_from4" uri="direct:getEmployeeAllCache"/>
            <setHeader headerName="CamelInfinispanOperation" id="_setHeader4">
                <constant>CamelInfinispanOperationGet</constant>
            </setHeader>
            <setHeader headerName="CamelInfinispanKey" id="_setHeader5">
                <constant>getEmployeeAll</constant>
            </setHeader>
            <to id="_to4" uri="infinispan://{{jdg.url}}"/>
            <choice id="_choice1">
                <when id="_when1">
                    <simple>${header.CamelInfinispanOperationResult} == null</simple>
                    <log id="_log4" message="not found in cache, calling SOAP webservice"/>
                    <to id="_to5" uri="direct:getEmployeeAll"/>
                    <convertBodyTo id="_convertBodyTo1" type="java.lang.String"/>
                    <setHeader headerName="CamelInfinispanOperation" id="_setHeader6">
                        <constant>CamelInfinispanOperationPut</constant>
                    </setHeader>
                    <setHeader headerName="CamelInfinispanValue" id="_setHeader7">
                        <simple>${body}</simple>
                    </setHeader>
                    <to id="_to6" uri="infinispan://{{jdg.url}}"/>
                </when>
                <otherwise id="_otherwise1">
                    <log id="_log5" message="found in cache"/>
                    <setBody id="_setBody6">
                        <simple>${header.CamelInfinispanOperationResult}</simple>
                    </setBody>
                    <convertBodyTo id="_convertBodyTo2" type="org.jboss.fuse.workshop.soap.EmployeeList"/>
                </otherwise>
            </choice>
        </route>
    </camelContext>
</beans>
