<?xml version="1.0" encoding="UTF-8"?>
<beans xmlns="http://www.springframework.org/schema/beans"
    xmlns:camel="http://camel.apache.org/schema/spring"
    xmlns:cxf="http://camel.apache.org/schema/cxf"
    xmlns:xsi="http://www.w3.org/2001/XMLSchema-instance" xsi:schemaLocation="        http://www.springframework.org/schema/beans http://www.springframework.org/schema/beans/spring-beans.xsd        http://camel.apache.org/schema/spring http://camel.apache.org/schema/spring/camel-spring.xsd http://camel.apache.org/schema/cxf     http://camel.apache.org/schema/cxf/camel-cxf.xsd">
    <cxf:cxfEndpoint address="/employeeWS" id="employeeWS" serviceClass="org.jboss.fuse.workshop.soap.EmployeeWS">
        <cxf:properties>
            <entry key="dataFormat" value="POJO"/>
            <entry key="faultStackTraceEnabled" value="true"/>
            <entry key="loggingFeatureEnabled" value="false"/>
        </cxf:properties>
    </cxf:cxfEndpoint>
    <bean class="org.jboss.fuse.workshop.soap.MyTransformer" id="myTransformer"/>
    <camelContext id="camel" xmlns="http://camel.apache.org/schema/spring">
        <route id="employeeWS">
            <from id="_from1" uri="cxf:bean:employeeWS"/>
            <removeHeader headerName="SOAPAction" id="_removeHeader1"/>
            <recipientList id="_recipientList1">
                <simple>direct:${header.operationName}</simple>
            </recipientList>
        </route>
        <route id="addEmployee">
            <from id="_from2" uri="direct:addEmployee"/>
            <convertBodyTo id="_convertBodyTo1" type="org.jboss.fuse.workshop.soap.Employee"/>
            <log id="_log1" message="receive request ${body}"/>
            <setProperty id="_setProperty1" propertyName="employee">
                <simple>${body}</simple>
            </setProperty>
            <setHeader headerName="CamelSqlRetrieveGeneratedKeys" id="_setHeader1">
                <constant>true</constant>
            </setHeader>
            <to id="_to1" uri="sql:insert into employee (name, address) values (:#${body.name}, :#${body.address})?dataSource=dsEmployee&amp;outputType=SelectOne"/>
            <transform id="_transform1">
                <simple>${property.employee.setId(${header.CamelSqlGeneratedKeyRows[0][id]})}</simple>
            </transform>
            <split id="_split1">
                <simple>${property.employee.phoneList}</simple>
                <log id="_log2" message="phone: ${body}"/>
                <to id="_to2" uri="sql:insert into phone (employee_id, phone, type) values (:#${property.employee.id}, :#${body.phone}, :#${body.type})?dataSource=dsEmployee&amp;outputType=SelectOne"/>
            </split>
            <setBody id="_setBody1">
                <simple>${property.employee}</simple>
            </setBody>
            <log id="_log3" message="send response ${body}"/>
        </route>
    </camelContext>
</beans>
