<?xml version="1.0" encoding="UTF-8"?>
<beans xmlns="http://www.springframework.org/schema/beans"
    xmlns:camel="http://camel.apache.org/schema/spring"
    xmlns:cxf="http://camel.apache.org/schema/cxf"
    xmlns:xsi="http://www.w3.org/2001/XMLSchema-instance" xsi:schemaLocation="        http://www.springframework.org/schema/beans http://www.springframework.org/schema/beans/spring-beans.xsd        http://camel.apache.org/schema/spring http://camel.apache.org/schema/spring/camel-spring.xsd http://camel.apache.org/schema/cxf     http://camel.apache.org/schema/cxf/camel-cxf.xsd">
    <cxf:cxfEndpoint address="/employeeWS" id="employeeWS" serviceClass="org.jboss.fuse.workshop.soap.EmployeeWS">
        <cxf:properties>
            <entry key="dataFormat" value="POJO"/>
            <entry key="faultStackTraceEnabled" value="true"/>
            <entry key="loggingFeatureEnabled" value="false"/>
        </cxf:properties>
    </cxf:cxfEndpoint>
    <bean class="org.jboss.fuse.workshop.soap.MyTransformer" id="myTransformer"/>
    <camelContext id="camel" xmlns="http://camel.apache.org/schema/spring">
        <route id="employeeWS">
            <from id="_from1" uri="cxf:bean:employeeWS"/>
            <removeHeader headerName="SOAPAction" id="_removeHeader1"/>
            <recipientList id="_recipientList1">
                <simple>direct:${header.operationName}</simple>
            </recipientList>
        </route>
        <route id="addEmployee">
            <from id="_from2" uri="direct:addEmployee"/>
            <convertBodyTo id="_convertBodyTo1" type="org.jboss.fuse.workshop.soap.Employee"/>
            <log id="_log1" message="receive request ${body}"/>
            <setProperty id="_setProperty1" propertyName="employee">
                <simple>${body}</simple>
            </setProperty>
            <setHeader headerName="CamelSqlRetrieveGeneratedKeys" id="_setHeader1">
                <constant>true</constant>
            </setHeader>
            <to id="_to1" uri="sql:insert into employee (name, address) values (:#${body.name}, :#${body.address})?dataSource=dsEmployee&amp;outputType=SelectOne"/>
            <transform id="_transform1">
                <simple>${property.employee.setId(${header.CamelSqlGeneratedKeyRows[0][id]})}</simple>
            </transform>
            <split id="_split1">
                <simple>${property.employee.phoneList}</simple>
                <log id="_log2" message="phone: ${body}"/>
                <to id="_to2" uri="sql:insert into phone (employee_id, phone, type) values (:#${property.employee.id}, :#${body.phone}, :#${body.type})?dataSource=dsEmployee&amp;outputType=SelectOne"/>
            </split>
            <setBody id="_setBody1">
                <simple>${property.employee}</simple>
            </setBody>
            <log id="_log3" message="send response ${body}"/>
        </route>
        <route id="getEmployee">
            <from id="_from3" uri="direct:getEmployee"/>
            <convertBodyTo id="_convertBodyTo2" type="java.lang.Integer"/>
            <log id="_log4" message="receive request ${body}"/>
            <to id="_to3" uri="sql:select * from employee where id = :#${body}?dataSource=dsEmployee&amp;outputType=SelectOne&amp;outputClass=org.jboss.fuse.workshop.soap.Employee"/>
            <setProperty id="_setProperty2" propertyName="employee">
                <simple>${body}</simple>
            </setProperty>
            <to id="_to4" uri="sql:select * from phone where employee_id = :#${property.employee.id}?dataSource=dsEmployee&amp;outputType=SelectList&amp;outputClass=org.jboss.fuse.workshop.soap.Phone"/>
            <bean id="_bean1" method="putPhoneList" ref="myTransformer"/>
            <setBody id="_setBody2">
                <simple>${property.employee}</simple>
            </setBody>
            <log id="_log5" message="Message: send response ${body}"/>
        </route>
        <route id="getEmployeeAll">
            <from id="_to5" uri="direct:getEmployeeAll"/>
            <log id="_log6" message="receive request ${body}"/>
            <setProperty id="_setProperty3" propertyName="employeeList">
                <method method="createEmployeeList" ref="myTransformer"/>
            </setProperty>
            <to id="_to6" uri="sql:select * from employee?dataSource=dsEmployee&amp;outputType=SelectList&amp;outputClass=org.jboss.fuse.workshop.soap.Employee"/>
            <bean id="_bean2" method="putEmployeeList" ref="myTransformer"/>
            <split id="_split2">
                <simple>${property.employeeList.employeeList}</simple>
                <setProperty id="_setProperty4" propertyName="employee">
                    <simple>${body}</simple>
                </setProperty>
                <to id="_to7" uri="sql:select * from phone where employee_id = :#${property.employee.id}?dataSource=dsEmployee&amp;outputType=SelectList&amp;outputClass=org.jboss.fuse.workshop.soap.Phone"/>
                <bean id="_bean3" method="putPhoneList" ref="myTransformer"/>
            </split>
            <setBody id="_setBody3">
                <simple>${property.employeeList}</simple>
            </setBody>
            <log id="_log7" message="send response ${body}"/>
        </route>
    </camelContext>
</beans>
